Workbook
Name Brand: Sheet1!$A$2:$A$17
Name Gallons: Sheet1!$B$2:$B$6
Name Type: Sheet1!$C$3:$C$10

Sheet NEEA HPWH data-SampleExport
A1: ; | B1: CEC Title-24 Residential Compliance Ruleset | O1: Brands | T1: DHWHeater:ASHPType | V1: CSE - DHWHEATER: whASHPType | W1: occurrences
A2: ; | B2: NEEA HPWH make/model data | O2: A. O. Smith | P2: 11 | T2: AO Smith PHPT 60 | U2: 11 | V2: AOSmithPHPT60 | W2: =COUNTIF($X$74:$X$620, V2) -> 7
A3: ; | O3: American | P3: =P2+1 -> 12 | T3: AO Smith PHPT 80 | U3: 12 | V3: AOSmithPHPT80 | W3: =COUNTIF($X$74:$X$620, V3) -> 14
A4: ; | B4: Created: | D4: 7/5/17 - SAC | O4: AquaThermAire | P4: 29 | T4: AO Smith HPTU 50 | U4: 13 | V4: AOSmithHPTU50 | W4: =COUNTIF($X$74:$X$620, V4) -> 31
A5: ; | B5: Last modified: | D5: 03/04/26 - SAC | O5: Bradford White | P5: =P3+1 -> 13 | T5: AO Smith HPTU 66 | U5: 14 | V5: AOSmithHPTU66 | W5: =COUNTIF($X$74:$X$620, V5) -> 27
A6: ; | O6: Direct Energy | P6: 27 | T6: AO Smith HPTU 80 | U6: 15 | V6: AOSmithHPTU80 | W6: =COUNTIF($X$74:$X$620, V6) -> 30
A7: ; | B7: Source Data: | D7: Created from file: HPWH_models_list_2017-04d.xlsx | O7: EcoSense | P7: =P5+1 -> 14 | T7: AO Smith HPTU 80 DR | U7: 31 | V7: AOSmithHPTU80DR | W7: =COUNTIF($X$74:$X$620, V7) -> 0
A8: ; | O8: GE | P8: =P7+1 -> 15 | T8: AO Smith SHPT 50 | U8: 32 | V8: AOSmithSHPT50 | W8: =COUNTIF($X$74:$X$620, V8) -> 2
A9: ; | B9: Mod history: | D9: 03/04/26 - SAC - added new BradfordWhite & SANCO2 models (dev #736) | O9: Kenmore | P9: =P8+1 -> 16 | T9: AO Smith SHPT 66 | U9: 33 | V9: AOSmithSHPT66 | W9: =COUNTIF($X$74:$X$620, V9) -> 0
A10: ; | D10: 10/25/25 - SAC - replaced generic option 'UEF 2 (50 gal)' with 'Standard Design 50 gal HPWH' (dev #518) | O10: Lochinvar | P10: =P9+1 -> 17 | T10: AO Smith SHPT 80 | U10: 34 | V10: AOSmithSHPT80 | W10: =COUNTIF($X$74:$X$620, V10) -> 5
A11: ; | D11: 04/02/25 - SAC - Integrate Tier & UEF data from Sam Larson / Larson Energy Research | O11: Reliance | P11: =P10+1 -> 18 | T11: GE2014 50 | U11: 19 | V11: GE2014 | W11: =COUNTIF($X$74:$X$620, V11) -> 7
A12: ; | D12: 12/19/24 - RJH - Restore the '+' in Column P formula for (generic) tier entries | O12: Rheem | P12: =P11+1 -> 19 | T12: GE2014 50 Eff | U12: 19 | V12: GE2014 | W12: =COUNTIF($X$74:$X$620, V12) -> 7 | X12: was 37
A13: ; | D13: 12/18/24 - RJH - Modified ASHPTypes AeroTherm2023* to BradfordWhiteAeroThermRE2H to match CSE presets; renumbered BradfordWhiteAeroThermRE2H80 to avoid conflict with "WorstCaseMedium" | O13: Rheem Canada | P13: 28 | T13: GE2014 80 | U13: 23 | V13: GE2014_80 | W13: =COUNTIF($X$74:$X$620, V13) -> 6
A14: ; | D14: 11/15/24 - RJH - Removed unnecessary Harvest Thermal ASHPType enums; changed new ASHPType enum values to avoid conflict with Central system enums | O14: Richmond | P14: =P12+1 -> 20 | T14: GE2014 80 Eff | U14: 23 | V14: GE2014_80 | W14: =COUNTIF($X$74:$X$620, V14) -> 6 | X14: was 35
A15: ; | D15: 11/08/24 - RJH - Changed enum number for DHWHeater:ASHPType = AeroTherm2023_50 to avoid duplication | O15: Ruud | P15: =P14+1 -> 21 | T15: GE2014 80 Eff DR | U15: 36 | V15: GE2014_80DR | W15: =COUNTIF($X$74:$X$620, V15) -> 0
A16: ; | D16: 10/30/24 - RJH - Revised Model ID calculation to allow up to 1000 models per Brand | O16: SANCO2 | P16: =P15+1 -> 22 | T16: Rheem HB 50 | U16: 21 | V16: RheemHB50 | W16: =COUNTIF($X$74:$X$620, V16) -> 9
A17: ; | D17: 10/29/24 - RJH - Removed "JA13" tag from all existing Models. Added Brands (Friedrich and LG) and Models from updated list. | O17: State | P17: =P16+1 -> 23 | T17: SANCO2 40 | U17: 16 | V17: SANCO240 | W17: =COUNTIF($X$74:$X$620, V17) -> 11 | X17: 9/2/24 - RJH - passed to CSE as "Sanden40
A18: ; | D18: 09/11/24 - RJH - Added new Harvest Thermal manufacturer/models (mapped to SANCO2 simulation groups) | O18: Stiebel Eltron | P18: =P17+1 -> 24 | T18: SANCO2 80 | U18: 17 | V18: SANCO280 | W18: =COUNTIF($X$74:$X$620, V18) -> 13 | X18: 9/2/24 - RJH - passed to CSE as "Sanden80
A19: ; | D19: 09/10/24 - RJH - Added new SANCO2 simulation group (DHWHeater:ASHPType) 18 = SANCO2 120 | O19: US Craftmaster | P19: =P18+1 -> 25 | T19: SANCO2 120 | U19: 18 | V19: SANCO2120 | W19: =COUNTIF($X$74:$X$620, V19) -> 9 | X19: 9/10/24 - RJH - added (passed to CSE as "Sanden120)
A20: ; | D20: 09/02/24 - RJH - Added new SANCO2 models | O20: Whirlpool | P20: =P19+1 -> 26 | T20: Stiebel 220E | U20: 22 | V20: Stiebel220E | W20: =COUNTIF($X$74:$X$620, V20) -> 1
A21: ; | D21: 08/29/24 - RJH - Renamed "Sanden" to "SANCO2" | O21: Harvest Thermal | P21: 30 | T21: GE2012 50 | U21: 38 | V21: GE2012 | W21: =COUNTIF($X$74:$X$620, V21) -> 1
A22: ; | D22: 04/24/24 - SAC - added new 'generic' Tier 4 and UEF 2.17 options / and updated Tier values throught (w/ data from BL) | O22: Friedrich | P22: =P21+1 -> 31 | T22: Rheem HBDR-45-50 | U22: 39 | V22: RheemHBDR4550 | W22: =COUNTIF($X$74:$X$620, V22) -> 9
A23: ; | D23: 01/29/24 - SAC - added AquaThermAire brand and 4 2-tier models | O23: LG | P23: =P22+1 -> 32 | T23: Rheem HBDR-45-65 | U23: 40 | V23: RheemHBDR4565 | W23: =COUNTIF($X$74:$X$620, V23) -> 9
A24: ; | D24: 07/06/23 - RJH - Added 3 new Bradford White models | O24: (generic) | P24: 99 | T24: Rheem HBDR-45-80 | U24: 41 | V24: RheemHBDR4580 | W24: =COUNTIF($X$74:$X$620, V24) -> 9
A25: ; | D25: 05/24/23 - RJH - 1. Deleted columns J (EF), K (UEF), AB (Energy Factor NC†), and AD (Uniform Energy Factor NC†) to avoid misinterpretation/misuse of these values; and 2. Edited RheemXE* enumeration values columns AI (now AC: CF1R T11_HeatPumpWaterHeaterModel) and, thereby, M (RptHPWHModel) | T25: Rheem HBDR-22-50 | U25: 42 | V25: RheemHBDR2250 | W25: =COUNTIF($X$74:$X$620, V25) -> 4
A26: ; | D26: 01/18/23 - SAC - added ~60 new models, some of which map to latest HPWHSim preset AOSmithHPTS** | T26: Rheem HBDR-22-65 | U26: 43 | V26: RheemHBDR2265 | W26: =COUNTIF($X$74:$X$620, V26) -> 4
A27: ; | D27: 12/26/22 - SAC - added ModelNum & RptHPWHModel columns to enable this one table to be used in both Res & CBECC rulesets | T27: Rheem HBDR-22-80 | U27: 44 | V27: RheemHBDR2280 | W27: =COUNTIF($X$74:$X$620, V27) -> 4
A28: ; | D28: 11/09/22 - SAC - added 40 new Rheem/Ruud/Richmond models (ported from Res spreadsheet) | T28: Bradford White 2020 65 | U28: 58 | V28: BWC202065 | W28: =COUNTIF($X$74:$X$620, V28) -> 2 | X28: 6/16/20 - SAC - added
A29: ; | D29: 08/25/21 - SAC - transformed Res table into Com | T29: Rheem 2020 Premium 40 | U29: 59 | V29: Rheem2020Prem40 | W29: =COUNTIF($X$74:$X$620, V29) -> 47
A30: ; | D30: 06/17/21 - SAC - added 4 NEEA tier 3 generic model selections | T30: Rheem 2020 Premium 50 | U30: 60 | V30: Rheem2020Prem50 | W30: =COUNTIF($X$74:$X$620, V30) -> 48
A31: ; | D31: 01/31/21 - SAC - added cold weather and commercial presets (no NEEA mods); and updated demand responsive enum strings to include 'JA13' | T31: Rheem 2020 Premium 65 | U31: 61 | V31: Rheem2020Prem65 | W31: =COUNTIF($X$74:$X$620, V31) -> 48
A32: ; | D32: 12/11/20 - SAC - added new equip from NEEA's 10/14,23 & 11/23 updates | T32: Rheem 2020 Premium 80 | U32: 62 | V32: Rheem2020Prem80 | W32: =COUNTIF($X$74:$X$620, V32) -> 48
A33: ; | D33: 12/11/20 - SAC - added columns AB & AE to facilitate ruleset updates | T33: Rheem 2020 Builder 40 | U33: 63 | V33: Rheem2020Build40 | W33: =COUNTIF($X$74:$X$620, V33) -> 7
A34: ; | D34: 12/04/20 - SAC - added JA13 (demand response) compatible flags by model | T34: Rheem 2020 Builder 50 | U34: 64 | V34: Rheem2020Build50 | W34: =COUNTIF($X$74:$X$620, V34) -> 7
A35: ; | D35: 6/16/20 - SAC - integrate new NEEA HPWH selections from 6/2 listing | T35: Rheem 2020 Builder 65 | U35: 65 | V35: Rheem2020Build65 | W35: =COUNTIF($X$74:$X$620, V35) -> 7
A36: ; | D36: 5/23/20 - SAC - added lookup columns for UEF & EF | T36: Rheem 2020 Builder 80 | U36: 66 | V36: Rheem2020Build80 | W36: =COUNTIF($X$74:$X$620, V36) -> 7
A37: ; | D37: 11/16/17 - SAC - complete Rheem additions (6 sim +) | T37: Nyle C60A-CWP | U37: 67 | V37: NyleC60A_CWP_SP | W37: =COUNTIF($X$74:$X$620, V37) -> 0 | X37: SAC 6/23/20 - added cold wthr package presets
A38: ; | D38: 8/10/17 - SAC - added generic / UEF 2 option | T38: Nyle C90A-CWP | U38: 68 | V38: NyleC90A_CWP_SP | W38: =COUNTIF($X$74:$X$620, V38) -> 0
A39: ; | D39: 7/19/17 - SAC - updated Sanden model options | T39: Nyle C125A-CWP | U39: 69 | V39: NyleC125A_CWP_SP | W39: =COUNTIF($X$74:$X$620, V39) -> 0
A40: ; | T40: Nyle C185A-CWP | U40: 70 | V40: NyleC185A_CWP_SP | W40: =COUNTIF($X$74:$X$620, V40) -> 0
A41: ; | T41: Nyle C250A-CWP | U41: 71 | V41: NyleC250A_CWP_SP | W41: =COUNTIF($X$74:$X$620, V41) -> 0
A42: ; | T42: AO Smith CAHP-120 | U42: 72 | V42: AOSmithCAHP120 | W42: =COUNTIF($X$74:$X$620, V42) -> 0 | X42: first of Commercial Products (not NEEA rated) - SAC 01/31/21 (tic #1243)
A43: ; | T43: AWHSTier3Generic40 | U43: 73 | V43: AWHSTier3Generic40 | W43: =COUNTIF($X$74:$X$620, V43) -> 1 | X43: NEEA tier 3 generics - SAC 06/17/21
A44: ; | T44: AWHSTier3Generic50 | U44: 74 | V44: AWHSTier3Generic50 | W44: =COUNTIF($X$74:$X$620, V44) -> 1
A45: ; | T45: AWHSTier3Generic65 | U45: 75 | V45: AWHSTier3Generic65 | W45: =COUNTIF($X$74:$X$620, V45) -> 1
A46: ; | T46: AWHSTier3Generic80 | U46: 76 | V46: AWHSTier3Generic80 | W46: =COUNTIF($X$74:$X$620, V46) -> 1
A47: ; | T47: RheemPlugInShared40 | U47: 77 | V47: RheemPlugInShared40 | W47: =COUNTIF($X$74:$X$620, V47) -> 8 | X47: SAC 11/09/22 - latest additions
A48: ; | T48: RheemPlugInShared50 | U48: 78 | V48: RheemPlugInShared50 | W48: =COUNTIF($X$74:$X$620, V48) -> 8
A49: ; | T49: RheemPlugInShared65 | U49: 79 | V49: RheemPlugInShared65 | W49: =COUNTIF($X$74:$X$620, V49) -> 8
A50: ; | T50: RheemPlugInShared80 | U50: 80 | V50: RheemPlugInShared80 | W50: =COUNTIF($X$74:$X$620, V50) -> 8
A51: ; | T51: RheemPlugInDedicated40 | U51: 81 | V51: RheemPlugInDedicated40 | W51: =COUNTIF($X$74:$X$620, V51) -> 4
A52: ; | T52: RheemPlugInDedicated50 | U52: 82 | V52: RheemPlugInDedicated50 | W52: =COUNTIF($X$74:$X$620, V52) -> 4
A53: ; | T53: AOSmithHPTS50 | U53: 83 | V53: AOSmithHPTS50 | W53: =COUNTIF($X$74:$X$620, V53) -> 13
A54: ; | T54: AOSmithHPTS66 | U54: 84 | V54: AOSmithHPTS66 | W54: =COUNTIF($X$74:$X$620, V54) -> 13
A55: ; | T55: AOSmithHPTS80 | U55: 85 | V55: AOSmithHPTS80 | W55: =COUNTIF($X$74:$X$620, V55) -> 13
A56: ; | T56: AquaThermAire | U56: 86 | V56: AquaThermAire | W56: =COUNTIF($X$74:$X$620, V56) -> 4
A57: ; | T57: AWHSTier4Generic40 | U57: 87 | V57: AWHSTier4Generic40 | W57: =COUNTIF($X$74:$X$620, V57) -> 1
A58: ; | T58: AWHSTier4Generic50 | U58: 88 | V58: AWHSTier4Generic50 | W58: =COUNTIF($X$74:$X$620, V58) -> 1
A59: ; | T59: AWHSTier4Generic65 | U59: 89 | V59: AWHSTier4Generic65 | W59: =COUNTIF($X$74:$X$620, V59) -> 1
A60: ; | T60: AWHSTier4Generic80 | U60: 90 | V60: AWHSTier4Generic80 | W60: =COUNTIF($X$74:$X$620, V60) -> 1
A61: ; | T61: GenericUEF217 | U61: 97 | V61: GenericUEF217 | W61: =COUNTIF($X$74:$X$620, V61) -> 1 | X61: ; note - IDs 91-96 reserved for CHPWH generics (5-45kW)
A62: ; | T62: AOSmithHPTS40 | U62: 20 | V62: AOSmithHPTS40 | W62: =COUNTIF($X$74:$X$620, V62) -> 6 | X62: 10/29/24 - RJH - added from updated list
A63: ; | T63: LG_APHWC50 | U63: 24 | V63: LG_APHWC50 | W63: =COUNTIF($X$74:$X$620, V63) -> 4 | X63: 11/15/24 - RJH - renumbered to avoid central enum conflicts
A64: ; | T64: LG_APHWC80 | U64: 30 | V64: LG_APHWC80 | W64: =COUNTIF($X$74:$X$620, V64) -> 3
A65: ; | T65: BradfordWhiteAeroThermRE2H50 | U65: 35 | V65: BradfordWhiteAeroThermRE2H50 | W65: =COUNTIF($X$74:$X$620, V65) -> 2
A66: ; | T66: BradfordWhiteAeroThermRE2H65 | U66: 98 | V66: BradfordWhiteAeroThermRE2H65 | W66: =COUNTIF($X$74:$X$620, V66) -> 2
A67: ; | T67: BradfordWhiteAeroThermRE2H80 | U67: 25 | V67: BradfordWhiteAeroThermRE2H80 | W67: =COUNTIF($X$74:$X$620, V67) -> 2
A68: ; | T68: BradfordWhiteAeroThermRE2HP50 | U68: 99 | V68: BradfordWhiteAeroThermRE2HP50 | W68: =COUNTIF($X$74:$X$620, V68) -> 1
A69: ; | T69: BradfordWhiteAeroThermRE2HP65 | U69: 99 | V69: BradfordWhiteAeroThermRE2HP65 | W69: =COUNTIF($X$74:$X$620, V69) -> 1 | AL69: =COUNTIF(AL74:AL620, "> 4.07") -> 2
A70: ; | T70: BradfordWhiteAeroThermRE2HP80 | U70: 99 | V70: BradfordWhiteAeroThermRE2HP80 | W70: =COUNTIF($X$74:$X$620, V70) -> 1 | AL70: Tier 3 | AM70: Tier 4
A71: ; | AK71: min: | AL71: =MIN(AL74:AL620) -> 2.73 | AM71: =MIN(AM74:AM620) -> 3.44
B72: TABLE HPWHData_NEEA | L72: ; | M72: BLUE FONT = ADDED FROM FAQ LIST | AG72: max: | AH72: =MAX(AH74:AH620) -> 4.47 | AK72: max: | AL72: =MAX(AL74:AL620) -> 4.47 | AM72: =MAX(AM74:AM620) -> 4.07
C73: Brand | D73: Model | E73: ModelNum | F73: TankVolume | G73: ASHPType | H73: JA13 | I73: RptHPWHModel | J73: Tier | K73: UEF | L73: ; | M73: Product Tier | N73: Brand ID | O73: Product Brand | P73: Mdl Index | Q73: Model ID | R73: HPWHModel | S73: HPWH Model Uniqueness | T73: Model | U73: Volume (gallons) | V73: HPWHsim Type | W73: DHWHeater: ASHPType | X73: CSE - DHWHEATER: whASHPType | Y73: JA13 (demand response) Compatible | Z73: Maximum Recommended Household Size | AA73: Qualified Date | AB73: Manufacturer | AC73: Enum Listing Text | AD73: CF1R Brand | AE73: CF1R T11_HeatPumpWaterHeaterModel | AF73: Num CF1R T11_Heat-PumpWaterHtrModel Occurrences | AG73: HPWHModel to CF1R T11 Mapping | AH73: UEF | AI73: EF | AJ73: AwhsTier | AL73: Tier3 UEFs | AM73: Tier4 UEFs
C74: =O74 -> A. O. Smith | D74: =R74 -> HP1050H45DVCTA-130 (50 gal) | E74: =Q74 -> 1102513 | F74: =U74 -> 50 | G74: =X74 -> AOSmithHPTU50 | H74: =Y74 -> 0 | I74: =AE74 -> AOSmithHP1050H45DVCTA130 | J74: 3 | K74: 3.45 | L74: ; | N74: =VLOOKUP( O74, $O$2:$P$24, 2, FALSE ) -> 11 | O74: A. O. Smith | P74: 25 | Q74: =(N74*100000) + (P74*100) + VLOOKUP( W74, $T$2:$V$70, 2, FALSE ) -> 1102513 | R74: =T74 & " (" & U74 & " gal)" -> HP1050H45DVCTA-130 (50 gal) | S74: =COUNTIF(R$87:R$620, R74) -> 0 | T74: HP1050H45DVCTA-130 | U74: 50 | V74: HPTU 50 | W74: AO Smith HPTU 50 | X74: =VLOOKUP( W74, $T$2:$V$71, 3, FALSE ) -> AOSmithHPTU50 | Y74: 0 | AC74: ="2, "&E74&", """&R74&"""" -> 2, 1102513, "HP1050H45DVCTA-130 (50 gal)" | AD74: AOSmith | AE74: AOSmithHP1050H45DVCTA130 | AF74: =COUNTIF(AE$74:AE$620, AE74) -> 1 | AG74: =" case "&D74&" : """&AE74&"""" -> case HP1050H45DVCTA-130 (50 gal) : "AOSmithHP1050H45DVCTA130" | AH74: 3.45 | AJ74: 3 | AL74: =IF( AJ74=3, AH74, "" ) -> 3.45 | AM74: =IF( AJ74=4, AH74, "" )
C75: =O75 -> A. O. Smith | D75: =R75 -> HP1080H45DVCTA-130 (80 gal) | E75: =Q75 -> 1102615 | F75: =U75 -> 80 | G75: =X75 -> AOSmithHPTU80 | H75: =Y75 -> 0 | I75: =AE75 -> AOSmithHP1080H45DVCTA130 | J75: 3 | K75: 3.45 | L75: ; | N75: =VLOOKUP( O75, $O$2:$P$24, 2, FALSE ) -> 11 | O75: A. O. Smith | P75: =P74+1 -> 26 | Q75: =(N75*100000) + (P75*100) + VLOOKUP( W75, $T$2:$V$70, 2, FALSE ) -> 1102615 | R75: =T75 & " (" & U75 & " gal)" -> HP1080H45DVCTA-130 (80 gal) | S75: =COUNTIF(R$87:R$620, R75) -> 0 | T75: HP1080H45DVCTA-130 | U75: 80 | V75: HPTU 80 | W75: AO Smith HPTU 80 | X75: =VLOOKUP( W75, $T$2:$V$71, 3, FALSE ) -> AOSmithHPTU80 | Y75: 0 | AC75: ="2, "&E75&", """&R75&"""" -> 2, 1102615, "HP1080H45DVCTA-130 (80 gal)" | AD75: AOSmith | AE75: AOSmithHP1080H45DVCTA130 | AF75: =COUNTIF(AE$74:AE$620, AE75) -> 1 | AG75: =" case "&D75&" : """&AE75&"""" -> case HP1080H45DVCTA-130 (80 gal) : "AOSmithHP1080H45DVCTA130" | AH75: 3.45 | AJ75: 3 | AL75: =IF( AJ75=3, AH75, "" ) -> 3.45 | AM75: =IF( AJ75=4, AH75, "" )
C76: =O76 -> A. O. Smith | D76: =R76 -> HPA10-40H45DV 2** (40 gal) | E76: =Q76 -> 1102720 | F76: =U76 -> 40 | G76: =X76 -> AOSmithHPTS40 | H76: =Y76 -> 0 | I76: =AE76 -> AOSmithHPA1040H45DV2xx | J76: 4 | K76: 3.6 | L76: ; | N76: =VLOOKUP( O76, $O$2:$P$24, 2, FALSE ) -> 11 | O76: A. O. Smith | P76: =P75+1 -> 27 | Q76: =(N76*100000) + (P76*100) + VLOOKUP( W76, $T$2:$V$70, 2, FALSE ) -> 1102720 | R76: =T76 & " (" & U76 & " gal)" -> HPA10-40H45DV 2** (40 gal) | S76: =COUNTIF(R$87:R$620, R76) -> 0 | T76: HPA10-40H45DV 2** | U76: 40 | V76: AOSmithHPTS40 | W76: AOSmithHPTS40 | X76: =VLOOKUP( W76, $T$2:$V$71, 3, FALSE ) -> AOSmithHPTS40 | Y76: 0 | AC76: ="2, "&E76&", """&R76&"""" -> 2, 1102720, "HPA10-40H45DV 2** (40 gal)" | AD76: AOSmith | AE76: AOSmithHPA1040H45DV2xx | AF76: =COUNTIF(AE$74:AE$620, AE76) -> 1 | AG76: =" case "&D76&" : """&AE76&"""" -> case HPA10-40H45DV 2** (40 gal) : "AOSmithHPA1040H45DV2xx" | AH76: 3.6 | AJ76: 4 | AL76: =IF( AJ76=3, AH76, "" ) | AM76: =IF( AJ76=4, AH76, "" ) -> 3.6
C77: =O77 -> A. O. Smith | D77: =R77 -> HPA10-50H45DV 2** (50 gal) | E77: =Q77 -> 1102883 | F77: =U77 -> 50 | G77: =X77 -> AOSmithHPTS50 | H77: =Y77 -> 0 | I77: =AE77 -> AOSmithHPA1050H45DV2xx | J77: 4 | K77: 3.68 | L77: ; | N77: =VLOOKUP( O77, $O$2:$P$24, 2, FALSE ) -> 11 | O77: A. O. Smith | P77: =P76+1 -> 28 | Q77: =(N77*100000) + (P77*100) + VLOOKUP( W77, $T$2:$V$70, 2, FALSE ) -> 1102883 | R77: =T77 & " (" & U77 & " gal)" -> HPA10-50H45DV 2** (50 gal) | S77: =COUNTIF(R$87:R$620, R77) -> 0 | T77: HPA10-50H45DV 2** | U77: 50 | V77: AOSmithHPTS50 | W77: AOSmithHPTS50 | X77: =VLOOKUP( W77, $T$2:$V$71, 3, FALSE ) -> AOSmithHPTS50 | Y77: 0 | AC77: ="2, "&E77&", """&R77&"""" -> 2, 1102883, "HPA10-50H45DV 2** (50 gal)" | AD77: AOSmith | AE77: AOSmithHPA1050H45DV2xx | AF77: =COUNTIF(AE$74:AE$620, AE77) -> 1 | AG77: =" case "&D77&" : """&AE77&"""" -> case HPA10-50H45DV 2** (50 gal) : "AOSmithHPA1050H45DV2xx" | AH77: 3.68 | AJ77: 4 | AL77: =IF( AJ77=3, AH77, "" ) | AM77: =IF( AJ77=4, AH77, "" ) -> 3.68
C78: =O78 -> A. O. Smith | D78: =R78 -> HPA10-66H45DV 2** (66 gal) | E78: =Q78 -> 1102984 | F78: =U78 -> 66 | G78: =X78 -> AOSmithHPTS66 | H78: =Y78 -> 0 | I78: =AE78 -> AOSmithHPA1066H45DV2xx | J78: 4 | K78: 3.84 | L78: ; | N78: =VLOOKUP( O78, $O$2:$P$24, 2, FALSE ) -> 11 | O78: A. O. Smith | P78: =P77+1 -> 29 | Q78: =(N78*100000) + (P78*100) + VLOOKUP( W78, $T$2:$V$70, 2, FALSE ) -> 1102984 | R78: =T78 & " (" & U78 & " gal)" -> HPA10-66H45DV 2** (66 gal) | S78: =COUNTIF(R$87:R$620, R78) -> 0 | T78: HPA10-66H45DV 2** | U78: 66 | V78: AOSmithHPTS66 | W78: AOSmithHPTS66 | X78: =VLOOKUP( W78, $T$2:$V$71, 3, FALSE ) -> AOSmithHPTS66 | Y78: 0 | AC78: ="2, "&E78&", """&R78&"""" -> 2, 1102984, "HPA10-66H45DV 2** (66 gal)" | AD78: AOSmith | AE78: AOSmithHPA1066H45DV2xx | AF78: =COUNTIF(AE$74:AE$620, AE78) -> 1 | AG78: =" case "&D78&" : """&AE78&"""" -> case HPA10-66H45DV 2** (66 gal) : "AOSmithHPA1066H45DV2xx" | AH78: 3.84 | AJ78: 4 | AL78: =IF( AJ78=3, AH78, "" ) | AM78: =IF( AJ78=4, AH78, "" ) -> 3.84
C79: =O79 -> A. O. Smith | D79: =R79 -> HPA10-80H45DV 2** (80 gal) | E79: =Q79 -> 1103085 | F79: =U79 -> 80 | G79: =X79 -> AOSmithHPTS80 | H79: =Y79 -> 0 | I79: =AE79 -> AOSmithHPA1080H45DV2xx | J79: 4 | K79: 3.88 | L79: ; | N79: =VLOOKUP( O79, $O$2:$P$24, 2, FALSE ) -> 11 | O79: A. O. Smith | P79: =P78+1 -> 30 | Q79: =(N79*100000) + (P79*100) + VLOOKUP( W79, $T$2:$V$70, 2, FALSE ) -> 1103085 | R79: =T79 & " (" & U79 & " gal)" -> HPA10-80H45DV 2** (80 gal) | S79: =COUNTIF(R$87:R$620, R79) -> 0 | T79: HPA10-80H45DV 2** | U79: 80 | V79: AOSmithHPTS80 | W79: AOSmithHPTS80 | X79: =VLOOKUP( W79, $T$2:$V$71, 3, FALSE ) -> AOSmithHPTS80 | Y79: 0 | AC79: ="2, "&E79&", """&R79&"""" -> 2, 1103085, "HPA10-80H45DV 2** (80 gal)" | AD79: AOSmith | AE79: AOSmithHPA1080H45DV2xx | AF79: =COUNTIF(AE$74:AE$620, AE79) -> 1 | AG79: =" case "&D79&" : """&AE79&"""" -> case HPA10-80H45DV 2** (80 gal) : "AOSmithHPA1080H45DV2xx" | AH79: 3.88 | AJ79: 4 | AL79: =IF( AJ79=3, AH79, "" ) | AM79: =IF( AJ79=4, AH79, "" ) -> 3.88
C80: =O80 -> A. O. Smith | D80: =R80 -> HPTA-40 2** (40 gal) | E80: =Q80 -> 1103120 | F80: =U80 -> 40 | G80: =X80 -> AOSmithHPTS40 | H80: =Y80 -> 0 | I80: =AE80 -> AOSmithHPTA402xx | J80: 4 | K80: 3.6 | L80: ; | N80: =VLOOKUP( O80, $O$2:$P$24, 2, FALSE ) -> 11 | O80: A. O. Smith | P80: =P79+1 -> 31 | Q80: =(N80*100000) + (P80*100) + VLOOKUP( W80, $T$2:$V$70, 2, FALSE ) -> 1103120 | R80: =T80 & " (" & U80 & " gal)" -> HPTA-40 2** (40 gal) | S80: =COUNTIF(R$87:R$620, R80) -> 0 | T80: HPTA-40 2** | U80: 40 | V80: AOSmithHPTS40 | W80: AOSmithHPTS40 | X80: =VLOOKUP( W80, $T$2:$V$71, 3, FALSE ) -> AOSmithHPTS40 | Y80: 0 | AC80: ="2, "&E80&", """&R80&"""" -> 2, 1103120, "HPTA-40 2** (40 gal)" | AD80: AOSmith | AE80: AOSmithHPTA402xx | AF80: =COUNTIF(AE$74:AE$620, AE80) -> 1 | AG80: =" case "&D80&" : """&AE80&"""" -> case HPTA-40 2** (40 gal) : "AOSmithHPTA402xx" | AH80: 3.6 | AJ80: 4 | AL80: =IF( AJ80=3, AH80, "" ) | AM80: =IF( AJ80=4, AH80, "" ) -> 3.6
C81: =O81 -> A. O. Smith | D81: =R81 -> HPTA-50 2** (50 gal) | E81: =Q81 -> 1103283 | F81: =U81 -> 50 | G81: =X81 -> AOSmithHPTS50 | H81: =Y81 -> 0 | I81: =AE81 -> AOSmithHPTA502xx | J81: 4 | K81: 3.68 | L81: ; | N81: =VLOOKUP( O81, $O$2:$P$24, 2, FALSE ) -> 11 | O81: A. O. Smith | P81: =P80+1 -> 32 | Q81: =(N81*100000) + (P81*100) + VLOOKUP( W81, $T$2:$V$70, 2, FALSE ) -> 1103283 | R81: =T81 & " (" & U81 & " gal)" -> HPTA-50 2** (50 gal) | S81: =COUNTIF(R$87:R$620, R81) -> 0 | T81: HPTA-50 2** | U81: 50 | V81: AOSmithHPTS50 | W81: AOSmithHPTS50 | X81: =VLOOKUP( W81, $T$2:$V$71, 3, FALSE ) -> AOSmithHPTS50 | Y81: 0 | AC81: ="2, "&E81&", """&R81&"""" -> 2, 1103283, "HPTA-50 2** (50 gal)" | AD81: AOSmith | AE81: AOSmithHPTA502xx | AF81: =COUNTIF(AE$74:AE$620, AE81) -> 1 | AG81: =" case "&D81&" : """&AE81&"""" -> case HPTA-50 2** (50 gal) : "AOSmithHPTA502xx" | AH81: 3.68 | AJ81: 4 | AL81: =IF( AJ81=3, AH81, "" ) | AM81: =IF( AJ81=4, AH81, "" ) -> 3.68
C82: =O82 -> A. O. Smith | D82: =R82 -> HPTA-66 2** (66 gal) | E82: =Q82 -> 1103384 | F82: =U82 -> 66 | G82: =X82 -> AOSmithHPTS66 | H82: =Y82 -> 0 | I82: =AE82 -> AOSmithHPTA662xx | J82: 4 | K82: 3.84 | L82: ; | N82: =VLOOKUP( O82, $O$2:$P$24, 2, FALSE ) -> 11 | O82: A. O. Smith | P82: =P81+1 -> 33 | Q82: =(N82*100000) + (P82*100) + VLOOKUP( W82, $T$2:$V$70, 2, FALSE ) -> 1103384 | R82: =T82 & " (" & U82 & " gal)" -> HPTA-66 2** (66 gal) | S82: =COUNTIF(R$87:R$620, R82) -> 0 | T82: HPTA-66 2** | U82: 66 | V82: AOSmithHPTS66 | W82: AOSmithHPTS66 | X82: =VLOOKUP( W82, $T$2:$V$71, 3, FALSE ) -> AOSmithHPTS66 | Y82: 0 | AC82: ="2, "&E82&", """&R82&"""" -> 2, 1103384, "HPTA-66 2** (66 gal)" | AD82: AOSmith | AE82: AOSmithHPTA662xx | AF82: =COUNTIF(AE$74:AE$620, AE82) -> 1 | AG82: =" case "&D82&" : """&AE82&"""" -> case HPTA-66 2** (66 gal) : "AOSmithHPTA662xx" | AH82: 3.84 | AJ82: 4 | AL82: =IF( AJ82=3, AH82, "" ) | AM82: =IF( AJ82=4, AH82, "" ) -> 3.84
C83: =O83 -> A. O. Smith | D83: =R83 -> HPTA-80 2** (80 gal) | E83: =Q83 -> 1103485 | F83: =U83 -> 80 | G83: =X83 -> AOSmithHPTS80 | H83: =Y83 -> 0 | I83: =AE83 -> AOSmithHPTA802xx | J83: 4 | K83: 3.88 | L83: ; | N83: =VLOOKUP( O83, $O$2:$P$24, 2, FALSE ) -> 11 | O83: A. O. Smith | P83: =P82+1 -> 34 | Q83: =(N83*100000) + (P83*100) + VLOOKUP( W83, $T$2:$V$70, 2, FALSE ) -> 1103485 | R83: =T83 & " (" & U83 & " gal)" -> HPTA-80 2** (80 gal) | S83: =COUNTIF(R$87:R$620, R83) -> 0 | T83: HPTA-80 2** | U83: 80 | V83: AOSmithHPTS80 | W83: AOSmithHPTS80 | X83: =VLOOKUP( W83, $T$2:$V$71, 3, FALSE ) -> AOSmithHPTS80 | Y83: 0 | AC83: ="2, "&E83&", """&R83&"""" -> 2, 1103485, "HPTA-80 2** (80 gal)" | AD83: AOSmith | AE83: AOSmithHPTA802xx | AF83: =COUNTIF(AE$74:AE$620, AE83) -> 1 | AG83: =" case "&D83&" : """&AE83&"""" -> case HPTA-80 2** (80 gal) : "AOSmithHPTA802xx" | AH83: 3.88 | AJ83: 4 | AL83: =IF( AJ83=3, AH83, "" ) | AM83: =IF( AJ83=4, AH83, "" ) -> 3.88
C84: =O84 -> A. O. Smith | D84: =R84 -> HPTU-50CTA 130 (50 gal) | E84: =Q84 -> 1103513 | F84: =U84 -> 50 | G84: =X84 -> AOSmithHPTU50 | H84: =Y84 -> 0 | I84: =AE84 -> AOSmithHPTU50CTA130 | J84: 3 | K84: 3.45 | L84: ; | N84: =VLOOKUP( O84, $O$2:$P$24, 2, FALSE ) -> 11 | O84: A. O. Smith | P84: =P83+1 -> 35 | Q84: =(N84*100000) + (P84*100) + VLOOKUP( W84, $T$2:$V$70, 2, FALSE ) -> 1103513 | R84: =T84 & " (" & U84 & " gal)" -> HPTU-50CTA 130 (50 gal) | S84: =COUNTIF(R$87:R$620, R84) -> 0 | T84: HPTU-50CTA 130 | U84: 50 | V84: AO Smith HPTU 50 | W84: AO Smith HPTU 50 | X84: =VLOOKUP( W84, $T$2:$V$71, 3, FALSE ) -> AOSmithHPTU50 | Y84: 0 | AC84: ="2, "&E84&", """&R84&"""" -> 2, 1103513, "HPTU-50CTA 130 (50 gal)" | AD84: AOSmith | AE84: AOSmithHPTU50CTA130 | AF84: =COUNTIF(AE$74:AE$620, AE84) -> 1 | AG84: =" case "&D84&" : """&AE84&"""" -> case HPTU-50CTA 130 (50 gal) : "AOSmithHPTU50CTA130" | AH84: 3.45 | AJ84: 3 | AL84: =IF( AJ84=3, AH84, "" ) -> 3.45 | AM84: =IF( AJ84=4, AH84, "" )
C85: =O85 -> A. O. Smith | D85: =R85 -> HPTU-66CTA 130 (66 gal) | E85: =Q85 -> 1103614 | F85: =U85 -> 66 | G85: =X85 -> AOSmithHPTU66 | H85: =Y85 -> 0 | I85: =AE85 -> AOSmithHPTU66CTA130 | J85: 3 | K85: 3.45 | L85: ; | N85: =VLOOKUP( O85, $O$2:$P$24, 2, FALSE ) -> 11 | O85: A. O. Smith | P85: =P84+1 -> 36 | Q85: =(N85*100000) + (P85*100) + VLOOKUP( W85, $T$2:$V$70, 2, FALSE ) -> 1103614 | R85: =T85 & " (" & U85 & " gal)" -> HPTU-66CTA 130 (66 gal) | S85: =COUNTIF(R$87:R$620, R85) -> 0 | T85: HPTU-66CTA 130 | U85: 66 | V85: AO Smith HPTU 66 | W85: AO Smith HPTU 66 | X85: =VLOOKUP( W85, $T$2:$V$71, 3, FALSE ) -> AOSmithHPTU66 | Y85: 0 | AC85: ="2, "&E85&", """&R85&"""" -> 2, 1103614, "HPTU-66CTA 130 (66 gal)" | AD85: AOSmith | AE85: AOSmithHPTU66CTA130 | AF85: =COUNTIF(AE$74:AE$620, AE85) -> 1 | AG85: =" case "&D85&" : """&AE85&"""" -> case HPTU-66CTA 130 (66 gal) : "AOSmithHPTU66CTA130" | AH85: 3.45 | AJ85: 3 | AL85: =IF( AJ85=3, AH85, "" ) -> 3.45 | AM85: =IF( AJ85=4, AH85, "" )
C86: =O86 -> A. O. Smith | D86: =R86 -> HPTU-80CTA 130 (80 gal) | E86: =Q86 -> 1103715 | F86: =U86 -> 80 | G86: =X86 -> AOSmithHPTU80 | H86: =Y86 -> 0 | I86: =AE86 -> AOSmithHPTU80CTA130 | J86: 3 | K86: 3.45 | L86: ; | N86: =VLOOKUP( O86, $O$2:$P$24, 2, FALSE ) -> 11 | O86: A. O. Smith | P86: =P85+1 -> 37 | Q86: =(N86*100000) + (P86*100) + VLOOKUP( W86, $T$2:$V$70, 2, FALSE ) -> 1103715 | R86: =T86 & " (" & U86 & " gal)" -> HPTU-80CTA 130 (80 gal) | S86: =COUNTIF(R$87:R$620, R86) -> 0 | T86: HPTU-80CTA 130 | U86: 80 | V86: AO Smith HPTU 80 | W86: AO Smith HPTU 80 | X86: =VLOOKUP( W86, $T$2:$V$71, 3, FALSE ) -> AOSmithHPTU80 | Y86: 0 | AC86: ="2, "&E86&", """&R86&"""" -> 2, 1103715, "HPTU-80CTA 130 (80 gal)" | AD86: AOSmith | AE86: AOSmithHPTU80CTA130 | AF86: =COUNTIF(AE$74:AE$620, AE86) -> 1 | AG86: =" case "&D86&" : """&AE86&"""" -> case HPTU-80CTA 130 (80 gal) : "AOSmithHPTU80CTA130" | AH86: 3.45 | AJ86: 3 | AL86: =IF( AJ86=3, AH86, "" ) -> 3.45 | AM86: =IF( AJ86=4, AH86, "" )
C87: =O87 -> A. O. Smith | D87: =R87 -> HPTS-50 2** (50 gal) | E87: =Q87 -> 1102083 | F87: =U87 -> 50 | G87: =X87 -> AOSmithHPTS50 | H87: =Y87 -> 1 | I87: =AE87 -> AOSmithHPTS502xx | J87: 4 | K87: 3.8 | L87: ; | M87: 4 | N87: =VLOOKUP( O87, $O$2:$P$24, 2, FALSE ) -> 11 | O87: A. O. Smith | P87: 20 | Q87: =(N87*100000) + (P87*100) + VLOOKUP( W87, $T$2:$V$70, 2, FALSE ) -> 1102083 | R87: =T87 & " (" & U87 & " gal)" -> HPTS-50 2** (50 gal) | S87: =COUNTIF(R$87:R$620, R87) -> 1 | T87: HPTS-50 2** | U87: 50 | V87: AOSmithHPTS50 | W87: AOSmithHPTS50 | X87: =VLOOKUP( W87, $T$2:$V$71, 3, FALSE ) -> AOSmithHPTS50 | Y87: 1 | Z87: 2-3 | AA87: 44728 | AB87: AO Smith | AC87: ="2, "&E87&", """&R87&"""" -> 2, 1102083, "HPTS-50 2** (50 gal)" | AD87: AOSmith | AE87: AOSmithHPTS502xx | AF87: =COUNTIF(AE$74:AE$620, AE87) -> 1 | AG87: =" case "&D87&" : """&AE87&"""" -> case HPTS-50 2** (50 gal) : "AOSmithHPTS502xx" | AH87: 3.8 | AJ87: 4 | AL87: =IF( AJ87=3, AH87, "" ) | AM87: =IF( AJ87=4, AH87, "" ) -> 3.8
C88: =O88 -> A. O. Smith | D88: =R88 -> HPS10-50H45DV 2** (50 gal) | E88: =Q88 -> 1102183 | F88: =U88 -> 50 | G88: =X88 -> AOSmithHPTS50 | H88: =Y88 -> 1 | I88: =AE88 -> AOSmithHPS1050H45DV2xx | J88: 4 | K88: 3.8 | L88: ; | M88: 4 | N88: =VLOOKUP( O88, $O$2:$P$24, 2, FALSE ) -> 11 | O88: A. O. Smith | P88: =P87+1 -> 21 | Q88: =(N88*100000) + (P88*100) + VLOOKUP( W88, $T$2:$V$70, 2, FALSE ) -> 1102183 | R88: =T88 & " (" & U88 & " gal)" -> HPS10-50H45DV 2** (50 gal) | S88: =COUNTIF(R$87:R$620, R88) -> 1 | T88: HPS10-50H45DV 2** | U88: 50 | V88: AOSmithHPTS50 | W88: AOSmithHPTS50 | X88: =VLOOKUP( W88, $T$2:$V$71, 3, FALSE ) -> AOSmithHPTS50 | Y88: 1 | Z88: 2-3 | AA88: 44728 | AB88: AO Smith | AC88: ="2, "&E88&", """&R88&"""" -> 2, 1102183, "HPS10-50H45DV 2** (50 gal)" | AD88: =AD87 -> AOSmith | AE88: AOSmithHPS1050H45DV2xx | AF88: =COUNTIF(AE$74:AE$620, AE88) -> 1 | AG88: =" case "&D88&" : """&AE88&"""" -> case HPS10-50H45DV 2** (50 gal) : "AOSmithHPS1050H45DV2xx" | AH88: 3.8 | AJ88: 4 | AL88: =IF( AJ88=3, AH88, "" ) | AM88: =IF( AJ88=4, AH88, "" ) -> 3.8
C89: =O89 -> A. O. Smith | D89: =R89 -> HPTS-66 2** (66 gal) | E89: =Q89 -> 1102284 | F89: =U89 -> 66 | G89: =X89 -> AOSmithHPTS66 | H89: =Y89 -> 1 | I89: =AE89 -> AOSmithHPTS662xx | J89: 3 | K89: 3.7 | L89: ; | M89: 4 | N89: =VLOOKUP( O89, $O$2:$P$24, 2, FALSE ) -> 11 | O89: A. O. Smith | P89: =P88+1 -> 22 | Q89: =(N89*100000) + (P89*100) + VLOOKUP( W89, $T$2:$V$70, 2, FALSE ) -> 1102284 | R89: =T89 & " (" & U89 & " gal)" -> HPTS-66 2** (66 gal) | S89: =COUNTIF(R$87:R$620, R89) -> 1 | T89: HPTS-66 2** | U89: 66 | V89: AOSmithHPTS66 | W89: AOSmithHPTS66 | X89: =VLOOKUP( W89, $T$2:$V$71, 3, FALSE ) -> AOSmithHPTS66 | Y89: 1 | Z89: 3 | AA89: 44728 | AB89: AO Smith | AC89: ="2, "&E89&", """&R89&"""" -> 2, 1102284, "HPTS-66 2** (66 gal)" | AD89: =AD88 -> AOSmith | AE89: AOSmithHPTS662xx | AF89: =COUNTIF(AE$74:AE$620, AE89) -> 1 | AG89: =" case "&D89&" : """&AE89&"""" -> case HPTS-66 2** (66 gal) : "AOSmithHPTS662xx" | AH89: 3.7 | AJ89: 3 | AL89: =IF( AJ89=3, AH89, "" ) -> 3.7 | AM89: =IF( AJ89=4, AH89, "" )
C90: =O90 -> A. O. Smith | D90: =R90 -> HPS10-66H45DV 2** (66 gal) | E90: =Q90 -> 1102384 | F90: =U90 -> 66 | G90: =X90 -> AOSmithHPTS66 | H90: =Y90 -> 1 | I90: =AE90 -> AOSmithHPS1066H45DV2xx | J90: 3 | K90: 4.02 | L90: ; | M90: 4 | N90: =VLOOKUP( O90, $O$2:$P$24, 2, FALSE ) -> 11 | O90: A. O. Smith | P90: =P89+1 -> 23 | Q90: =(N90*100000) + (P90*100) + VLOOKUP( W90, $T$2:$V$70, 2, FALSE ) -> 1102384 | R90: =T90 & " (" & U90 & " gal)" -> HPS10-66H45DV 2** (66 gal) | S90: =COUNTIF(R$87:R$620, R90) -> 1 | T90: HPS10-66H45DV 2** | U90: 66 | V90: AOSmithHPTS66 | W90: AOSmithHPTS66 | X90: =VLOOKUP( W90, $T$2:$V$71, 3, FALSE ) -> AOSmithHPTS66 | Y90: 1 | Z90: 3 | AA90: 44728 | AB90: AO Smith | AC90: ="2, "&E90&", """&R90&"""" -> 2, 1102384, "HPS10-66H45DV 2** (66 gal)" | AD90: =AD89 -> AOSmith | AE90: AOSmithHPS1066H45DV2xx | AF90: =COUNTIF(AE$74:AE$620, AE90) -> 1 | AG90: =" case "&D90&" : """&AE90&"""" -> case HPS10-66H45DV 2** (66 gal) : "AOSmithHPS1066H45DV2xx" | AH90: 4.02 | AJ90: 3 | AL90: =IF( AJ90=3, AH90, "" ) -> 4.02 | AM90: =IF( AJ90=4, AH90, "" )
C91: =O91 -> A. O. Smith | D91: =R91 -> HPTS-80 2** (80 gal) | E91: =Q91 -> 1102485 | F91: =U91 -> 80 | G91: =X91 -> AOSmithHPTS80 | H91: =Y91 -> 1 | I91: =AE91 -> AOSmithHPTS802xx | J91: 4 | K91: 3.88 | L91: ; | M91: 4 | N91: =VLOOKUP( O91, $O$2:$P$24, 2, FALSE ) -> 11 | O91: A. O. Smith | P91: =P90+1 -> 24 | Q91: =(N91*100000) + (P91*100) + VLOOKUP( W91, $T$2:$V$70, 2, FALSE ) -> 1102485 | R91: =T91 & " (" & U91 & " gal)" -> HPTS-80 2** (80 gal) | S91: =COUNTIF(R$87:R$620, R91) -> 1 | T91: HPTS-80 2** | U91: 80 | V91: AOSmithHPTS80 | W91: AOSmithHPTS80 | X91: =VLOOKUP( W91, $T$2:$V$71, 3, FALSE ) -> AOSmithHPTS80 | Y91: 1 | Z91: 4 | AA91: 44728 | AB91: AO Smith | AC91: ="2, "&E91&", """&R91&"""" -> 2, 1102485, "HPTS-80 2** (80 gal)" | AD91: =AD90 -> AOSmith | AE91: AOSmithHPTS802xx | AF91: =COUNTIF(AE$74:AE$620, AE91) -> 1 | AG91: =" case "&D91&" : """&AE91&"""" -> case HPTS-80 2** (80 gal) : "AOSmithHPTS802xx" | AH91: 3.88 | AJ91: 4 | AL91: =IF( AJ91=3, AH91, "" ) | AM91: =IF( AJ91=4, AH91, "" ) -> 3.88
C92: =O92 -> A. O. Smith | D92: =R92 -> HPS10-80H45DV 2** (80 gal) | E92: =Q92 -> 1102585 | F92: =U92 -> 80 | G92: =X92 -> AOSmithHPTS80 | H92: =Y92 -> 1 | I92: =AE92 -> AOSmithHPS1080H45DV2xx | J92: 4 | K92: 3.88 | L92: ; | M92: 4 | N92: =VLOOKUP( O92, $O$2:$P$24, 2, FALSE ) -> 11 | O92: A. O. Smith | P92: =P91+1 -> 25 | Q92: =(N92*100000) + (P92*100) + VLOOKUP( W92, $T$2:$V$70, 2, FALSE ) -> 1102585 | R92: =T92 & " (" & U92 & " gal)" -> HPS10-80H45DV 2** (80 gal) | S92: =COUNTIF(R$87:R$620, R92) -> 1 | T92: HPS10-80H45DV 2** | U92: 80 | V92: AOSmithHPTS80 | W92: AOSmithHPTS80 | X92: =VLOOKUP( W92, $T$2:$V$71, 3, FALSE ) -> AOSmithHPTS80 | Y92: 1 | Z92: 4 | AA92: 44728 | AB92: AO Smith | AC92: ="2, "&E92&", """&R92&"""" -> 2, 1102585, "HPS10-80H45DV 2** (80 gal)" | AD92: =AD91 -> AOSmith | AE92: AOSmithHPS1080H45DV2xx | AF92: =COUNTIF(AE$74:AE$620, AE92) -> 1 | AG92: =" case "&D92&" : """&AE92&"""" -> case HPS10-80H45DV 2** (80 gal) : "AOSmithHPS1080H45DV2xx" | AH92: 3.88 | AJ92: 4 | AL92: =IF( AJ92=3, AH92, "" ) | AM92: =IF( AJ92=4, AH92, "" ) -> 3.88
C93: =O93 -> A. O. Smith | D93: =R93 -> FPTU 50 120 (50 gal) | E93: =Q93 -> 1100113 | F93: =U93 -> 50 | G93: =X93 -> AOSmithHPTU50 | H93: =Y93 -> 0 | I93: =AE93 -> AOSmithFPTU50 | J93: 3 | K93: 3.42 | L93: ; | M93: 1 | N93: =VLOOKUP( O93, $O$2:$P$24, 2, FALSE ) -> 11 | O93: A. O. Smith | P93: 1 | Q93: =(N93*100000) + (P93*100) + VLOOKUP( W93, $T$2:$V$70, 2, FALSE ) -> 1100113 | R93: =T93 & " (" & U93 & " gal)" -> FPTU 50 120 (50 gal) | S93: =COUNTIF(R$87:R$620, R93) -> 1 | T93: FPTU 50 120 | U93: 50 | V93: HPTU 50 | W93: AO Smith HPTU 50 | X93: =VLOOKUP( W93, $T$2:$V$71, 3, FALSE ) -> AOSmithHPTU50 | Y93: 0 | Z93: 2-3 | AA93: 42591 | AB93: AO Smith | AC93: ="2, "&E93&", """&R93&"""" -> 2, 1100113, "FPTU 50 120 (50 gal)" | AD93: AOSmith | AE93: AOSmithFPTU50 | AF93: =COUNTIF(AE$74:AE$620, AE93) -> 1 | AG93: =" case "&D93&" : """&AE93&"""" -> case FPTU 50 120 (50 gal) : "AOSmithFPTU50" | AH93: 3.42 | AJ93: 3 | AL93: =IF( AJ93=3, AH93, "" ) -> 3.42 | AM93: =IF( AJ93=4, AH93, "" )
C94: =O94 -> A. O. Smith | D94: =R94 -> FPTU 66 120 (66 gal) | E94: =Q94 -> 1100214 | F94: =U94 -> 66 | G94: =X94 -> AOSmithHPTU66 | H94: =Y94 -> 0 | I94: =AE94 -> AOSmithFPTU66 | J94: 3 | K94: 3.45 | L94: ; | M94: 1 | N94: =VLOOKUP( O94, $O$2:$P$24, 2, FALSE ) -> 11 | O94: A. O. Smith | P94: =P93+1 -> 2 | Q94: =(N94*100000) + (P94*100) + VLOOKUP( W94, $T$2:$V$70, 2, FALSE ) -> 1100214 | R94: =T94 & " (" & U94 & " gal)" -> FPTU 66 120 (66 gal) | S94: =COUNTIF(R$87:R$620, R94) -> 1 | T94: FPTU 66 120 | U94: 66 | V94: HPTU 66 | W94: AO Smith HPTU 66 | X94: =VLOOKUP( W94, $T$2:$V$71, 3, FALSE ) -> AOSmithHPTU66 | Y94: 0 | Z94: 3 | AA94: 42591 | AB94: AO Smith | AC94: ="2, "&E94&", """&R94&"""" -> 2, 1100214, "FPTU 66 120 (66 gal)" | AD94: =AD93 -> AOSmith | AE94: AOSmithFPTU66 | AF94: =COUNTIF(AE$74:AE$620, AE94) -> 1 | AG94: =" case "&D94&" : """&AE94&"""" -> case FPTU 66 120 (66 gal) : "AOSmithFPTU66" | AH94: 3.45 | AJ94: 3 | AL94: =IF( AJ94=3, AH94, "" ) -> 3.45 | AM94: =IF( AJ94=4, AH94, "" )
C95: =O95 -> A. O. Smith | D95: =R95 -> FPTU 80 120 (80 gal) | E95: =Q95 -> 1100315 | F95: =U95 -> 80 | G95: =X95 -> AOSmithHPTU80 | H95: =Y95 -> 0 | I95: =AE95 -> AOSmithFPTU80 | J95: 3 | K95: 2.73 | L95: ; | M95: 1 | N95: =VLOOKUP( O95, $O$2:$P$24, 2, FALSE ) -> 11 | O95: A. O. Smith | P95: =P94+1 -> 3 | Q95: =(N95*100000) + (P95*100) + VLOOKUP( W95, $T$2:$V$70, 2, FALSE ) -> 1100315 | R95: =T95 & " (" & U95 & " gal)" -> FPTU 80 120 (80 gal) | S95: =COUNTIF(R$87:R$620, R95) -> 1 | T95: FPTU 80 120 | U95: 80 | V95: HPTU 80 | W95: AO Smith HPTU 80 | X95: =VLOOKUP( W95, $T$2:$V$71, 3, FALSE ) -> AOSmithHPTU80 | Y95: 0 | Z95: 4+ | AA95: 42591 | AB95: AO Smith | AC95: ="2, "&E95&", """&R95&"""" -> 2, 1100315, "FPTU 80 120 (80 gal)" | AD95: =AD94 -> AOSmith | AE95: AOSmithFPTU80 | AF95: =COUNTIF(AE$74:AE$620, AE95) -> 1 | AG95: =" case "&D95&" : """&AE95&"""" -> case FPTU 80 120 (80 gal) : "AOSmithFPTU80" | AH95: 2.73 | AJ95: 3 | AL95: =IF( AJ95=3, AH95, "" ) -> 2.73 | AM95: =IF( AJ95=4, AH95, "" )
C96: =O96 -> A. O. Smith | D96: =R96 -> HHPT 80 102 (80 gal) | E96: =Q96 -> 1100412 | F96: =U96 -> 80 | G96: =X96 -> AOSmithPHPT80 | H96: =Y96 -> 0 | I96: =AE96 -> AOSmithHHPT80Res | J96: 1 | K96: 0 | L96: ; | M96: 1 | N96: =VLOOKUP( O96, $O$2:$P$24, 2, FALSE ) -> 11 | O96: A. O. Smith | P96: =P95+1 -> 4 | Q96: =(N96*100000) + (P96*100) + VLOOKUP( W96, $T$2:$V$70, 2, FALSE ) -> 1100412 | R96: =T96 & " (" & U96 & " gal)" -> HHPT 80 102 (80 gal) | S96: =COUNTIF(R$87:R$620, R96) -> 1 | T96: HHPT 80 102 | U96: 80 | V96: PHPT 80 | W96: AO Smith PHPT 80 | X96: =VLOOKUP( W96, $T$2:$V$71, 3, FALSE ) -> AOSmithPHPT80 | Y96: 0 | Z96: 4+ | AA96: 40857 | AB96: AO Smith | AC96: ="2, "&E96&", """&R96&"""" -> 2, 1100412, "HHPT 80 102 (80 gal)" | AD96: =AD95 -> AOSmith | AE96: AOSmithHHPT80Res | AF96: =COUNTIF(AE$74:AE$620, AE96) -> 1 | AG96: =" case "&D96&" : """&AE96&"""" -> case HHPT 80 102 (80 gal) : "AOSmithHHPT80Res" | AH96: rated under EF standard | AI96: 2.33 | AJ96: 1 | AL96: =IF( AJ96=3, AH96, "" ) | AM96: =IF( AJ96=4, AH96, "" )
C97: =O97 -> A. O. Smith | D97: =R97 -> HP10-50H45DV (50 gal) | E97: =Q97 -> 1100513 | F97: =U97 -> 50 | G97: =X97 -> AOSmithHPTU50 | H97: =Y97 -> 0 | I97: =AE97 -> AOSmithHP1050 | J97: 3 | K97: 3.45 | L97: ; | M97: 3 | N97: =VLOOKUP( O97, $O$2:$P$24, 2, FALSE ) -> 11 | O97: A. O. Smith | P97: =P96+1 -> 5 | Q97: =(N97*100000) + (P97*100) + VLOOKUP( W97, $T$2:$V$70, 2, FALSE ) -> 1100513 | R97: =T97 & " (" & U97 & " gal)" -> HP10-50H45DV (50 gal) | S97: =COUNTIF(R$87:R$620, R97) -> 1 | T97: HP10-50H45DV | U97: 50 | V97: HPTU 50 | W97: AO Smith HPTU 50 | X97: =VLOOKUP( W97, $T$2:$V$71, 3, FALSE ) -> AOSmithHPTU50 | Y97: 0 | Z97: 2-3 | AA97: 42808 | AB97: AO Smith | AC97: ="2, "&E97&", """&R97&"""" -> 2, 1100513, "HP10-50H45DV (50 gal)" | AD97: =AD96 -> AOSmith | AE97: AOSmithHP1050 | AF97: =COUNTIF(AE$74:AE$620, AE97) -> 1 | AG97: =" case "&D97&" : """&AE97&"""" -> case HP10-50H45DV (50 gal) : "AOSmithHP1050" | AH97: 3.45 | AJ97: 3 | AL97: =IF( AJ97=3, AH97, "" ) -> 3.45 | AM97: =IF( AJ97=4, AH97, "" )
C98: =O98 -> A. O. Smith | D98: =R98 -> HP10-80H45DV (80 gal) | E98: =Q98 -> 1100615 | F98: =U98 -> 80 | G98: =X98 -> AOSmithHPTU80 | H98: =Y98 -> 0 | I98: =AE98 -> AOSmithHP1080 | J98: 3 | K98: 2.73 | L98: ; | M98: 3 | N98: =VLOOKUP( O98, $O$2:$P$24, 2, FALSE ) -> 11 | O98: A. O. Smith | P98: =P97+1 -> 6 | Q98: =(N98*100000) + (P98*100) + VLOOKUP( W98, $T$2:$V$70, 2, FALSE ) -> 1100615 | R98: =T98 & " (" & U98 & " gal)" -> HP10-80H45DV (80 gal) | S98: =COUNTIF(R$87:R$620, R98) -> 1 | T98: HP10-80H45DV | U98: 80 | V98: HPTU 80 | W98: AO Smith HPTU 80 | X98: =VLOOKUP( W98, $T$2:$V$71, 3, FALSE ) -> AOSmithHPTU80 | Y98: 0 | Z98: 4+ | AA98: 42808 | AB98: AO Smith | AC98: ="2, "&E98&", """&R98&"""" -> 2, 1100615, "HP10-80H45DV (80 gal)" | AD98: =AD97 -> AOSmith | AE98: AOSmithHP1080 | AF98: =COUNTIF(AE$74:AE$620, AE98) -> 1 | AG98: =" case "&D98&" : """&AE98&"""" -> case HP10-80H45DV (80 gal) : "AOSmithHP1080" | AH98: 2.73 | AJ98: 3 | AL98: =IF( AJ98=3, AH98, "" ) -> 2.73 | AM98: =IF( AJ98=4, AH98, "" )
C99: =O99 -> A. O. Smith | D99: =R99 -> HP1050H45DVDR 130 (50 gal) | E99: =Q99 -> 1101513 | F99: =U99 -> 50 | G99: =X99 -> AOSmithHPTU50 | H99: =Y99 -> 1 | I99: =AE99 -> AOSmithHP1050DR | J99: 3 | K99: 3.45 | L99: ; | M99: 3 | N99: =VLOOKUP( O99, $O$2:$P$24, 2, FALSE ) -> 11 | O99: A. O. Smith | P99: 15 | Q99: =(N99*100000) + (P99*100) + VLOOKUP( W99, $T$2:$V$70, 2, FALSE ) -> 1101513 | R99: =T99 & " (" & U99 & " gal)" -> HP1050H45DVDR 130 (50 gal) | S99: =COUNTIF(R$87:R$620, R99) -> 1 | T99: HP1050H45DVDR 130 | U99: 50 | V99: HPTU 50 | W99: AO Smith HPTU 50 | X99: =VLOOKUP( W99, $T$2:$V$71, 3, FALSE ) -> AOSmithHPTU50 | Y99: 1 | Z99: 2-3 | AA99: 44118 | AB99: AO Smith | AC99: ="2, "&E99&", """&R99&"""" -> 2, 1101513, "HP1050H45DVDR 130 (50 gal)" | AD99: =AD98 -> AOSmith | AE99: AOSmithHP1050DR | AF99: =COUNTIF(AE$74:AE$620, AE99) -> 1 | AG99: =" case "&D99&" : """&AE99&"""" -> case HP1050H45DVDR 130 (50 gal) : "AOSmithHP1050DR" | AH99: 3.45 | AJ99: 3 | AL99: =IF( AJ99=3, AH99, "" ) -> 3.45 | AM99: =IF( AJ99=4, AH99, "" )
C100: =O100 -> A. O. Smith | D100: =R100 -> HP1080H45DVDR 130 (80 gal) | E100: =Q100 -> 1101615 | F100: =U100 -> 80 | G100: =X100 -> AOSmithHPTU80 | H100: =Y100 -> 1 | I100: =AE100 -> AOSmithHP1080DR | J100: 3 | K100: 2.73 | L100: ; | M100: 3 | N100: =VLOOKUP( O100, $O$2:$P$24, 2, FALSE ) -> 11 | O100: A. O. Smith | P100: =P99+1 -> 16 | Q100: =(N100*100000) + (P100*100) + VLOOKUP( W100, $T$2:$V$70, 2, FALSE ) -> 1101615 | R100: =T100 & " (" & U100 & " gal)" -> HP1080H45DVDR 130 (80 gal) | S100: =COUNTIF(R$87:R$620, R100) -> 1 | T100: HP1080H45DVDR 130 | U100: 80 | V100: HPTU 80 | W100: AO Smith HPTU 80 | X100: =VLOOKUP( W100, $T$2:$V$71, 3, FALSE ) -> AOSmithHPTU80 | Y100: 1 | Z100: 4+ | AA100: 44118 | AB100: AO Smith | AC100: ="2, "&E100&", """&R100&"""" -> 2, 1101615, "HP1080H45DVDR 130 (80 gal)" | AD100: =AD99 -> AOSmith | AE100: AOSmithHP1080DR | AF100: =COUNTIF(AE$74:AE$620, AE100) -> 1 | AG100: =" case "&D100&" : """&AE100&"""" -> case HP1080H45DVDR 130 (80 gal) : "AOSmithHP1080DR" | AH100: 2.73 | AJ100: 3 | AL100: =IF( AJ100=3, AH100, "" ) -> 2.73 | AM100: =IF( AJ100=4, AH100, "" )
...

Sheet Enum List
A32: ="2, "&'NEEA HPWH data-SampleExport'!C87&", """&'NEEA HPWH data-SampleExport'!R87&"""" -> 2, A. O. Smith, "HPTS-50 2** (50 gal)"
A33: ="2, "&'NEEA HPWH data-SampleExport'!C88&", """&'NEEA HPWH data-SampleExport'!R88&"""" -> 2, A. O. Smith, "HPS10-50H45DV 2** (50 gal)"
A34: ="2, "&'NEEA HPWH data-SampleExport'!C89&", """&'NEEA HPWH data-SampleExport'!R89&"""" -> 2, A. O. Smith, "HPTS-66 2** (66 gal)"
A35: ="2, "&'NEEA HPWH data-SampleExport'!C90&", """&'NEEA HPWH data-SampleExport'!R90&"""" -> 2, A. O. Smith, "HPS10-66H45DV 2** (66 gal)"
A36: ="2, "&'NEEA HPWH data-SampleExport'!C91&", """&'NEEA HPWH data-SampleExport'!R91&"""" -> 2, A. O. Smith, "HPTS-80 2** (80 gal)"
A37: ="2, "&'NEEA HPWH data-SampleExport'!C92&", """&'NEEA HPWH data-SampleExport'!R92&"""" -> 2, A. O. Smith, "HPS10-80H45DV 2** (80 gal)"
A38: ="2, "&'NEEA HPWH data-SampleExport'!C93&", """&'NEEA HPWH data-SampleExport'!R93&"""" -> 2, A. O. Smith, "FPTU 50 120 (50 gal)"
A39: ="2, "&'NEEA HPWH data-SampleExport'!C94&", """&'NEEA HPWH data-SampleExport'!R94&"""" -> 2, A. O. Smith, "FPTU 66 120 (66 gal)"
A40: ="2, "&'NEEA HPWH data-SampleExport'!C95&", """&'NEEA HPWH data-SampleExport'!R95&"""" -> 2, A. O. Smith, "FPTU 80 120 (80 gal)"
A41: ="2, "&'NEEA HPWH data-SampleExport'!C96&", """&'NEEA HPWH data-SampleExport'!R96&"""" -> 2, A. O. Smith, "HHPT 80 102 (80 gal)"
A42: ="2, "&'NEEA HPWH data-SampleExport'!C97&", """&'NEEA HPWH data-SampleExport'!R97&"""" -> 2, A. O. Smith, "HP10-50H45DV (50 gal)"
A43: ="2, "&'NEEA HPWH data-SampleExport'!C98&", """&'NEEA HPWH data-SampleExport'!R98&"""" -> 2, A. O. Smith, "HP10-80H45DV (80 gal)"
... A56: ="2, "&'NEEA HPWH data-SampleExport'!C111&", """&'NEEA HPWH data-SampleExport'!R111&"""" -> 2, A. O. Smith, "PHPT 80 (80 gal)"
A57: ="2, "&'NEEA HPWH data-SampleExport'!C119&", """&'NEEA HPWH data-SampleExport'!R119&"""" -> 2, American, "HPS10250H045DV 2** (50 gal)"
A58: ="2, "&'NEEA HPWH data-SampleExport'!C120&", """&'NEEA HPWH data-SampleExport'!R120&"""" -> 2, American, "HPS10266H045DV 2** (66 gal)"
A59: ="2, "&'NEEA HPWH data-SampleExport'!C121&", """&'NEEA HPWH data-SampleExport'!R121&"""" -> 2, American, "HPS10280H045DV 2** (80 gal)"
A60: ="2, "&'NEEA HPWH data-SampleExport'!C122&", """&'NEEA HPWH data-SampleExport'!R122&"""" -> 2, American, "HPE10260H045DV (60 gal)"
A61: ="2, "&'NEEA HPWH data-SampleExport'!C123&", """&'NEEA HPWH data-SampleExport'!R123&"""" -> 2, American, "HPE10280H045DV (80 gal)"
A62: ="2, "&'NEEA HPWH data-SampleExport'!C124&", """&'NEEA HPWH data-SampleExport'!R124&"""" -> 2, American, "HPE6280H045DV 102 (80 gal)"
A63: ="2, "&'NEEA HPWH data-SampleExport'!C125&", """&'NEEA HPWH data-SampleExport'!R125&"""" -> 2, American, "HPHE10250H045DV 120 (50 gal)"
A64: ="2, "&'NEEA HPWH data-SampleExport'!C126&", """&'NEEA HPWH data-SampleExport'!R126&"""" -> 2, American, "HPHE10250H045DVN 120 (50 gal)"
A65: ="2, "&'NEEA HPWH data-SampleExport'!C127&", """&'NEEA HPWH data-SampleExport'!R127&"""" -> 2, American, "HPHE10250H045DVDR 130 (50 gal)"
A66: ="2, "&'NEEA HPWH data-SampleExport'!C128&", """&'NEEA HPWH data-SampleExport'!R128&"""" -> 2, American, "HPHE10266H045DV 120 (66 gal)"
A67: ="2, "&'NEEA HPWH data-SampleExport'!C129&", """&'NEEA HPWH data-SampleExport'!R129&"""" -> 2, American, "HPHE10266H045DVN 120 (66 gal)"
A68: ="2, "&'NEEA HPWH data-SampleExport'!C130&", """&'NEEA HPWH data-SampleExport'!R130&"""" -> 2, American, "HPHE10266H045DVDR 130 (66 gal)"
... A79: ="2, "&'NEEA HPWH data-SampleExport'!C141&", """&'NEEA HPWH data-SampleExport'!R141&"""" -> 2, AquaThermAire, "CHT2021-48C (54 gal)"
A80: ="2, "&'NEEA HPWH data-SampleExport'!C151&", """&'NEEA HPWH data-SampleExport'!R151&"""" -> 2, Bradford White, "RE2H50S*-***** (50 gal)"
A81: ="2, "&'NEEA HPWH data-SampleExport'!C152&", """&'NEEA HPWH data-SampleExport'!R152&"""" -> 2, Bradford White, "RE2H65T*-***** (65 gal)"
A82: ="2, "&'NEEA HPWH data-SampleExport'!C153&", """&'NEEA HPWH data-SampleExport'!R153&"""" -> 2, Bradford White, "RE2H80T*-***** (80 gal)"
A83: ="2, "&'NEEA HPWH data-SampleExport'!C154&", """&'NEEA HPWH data-SampleExport'!R154&"""" -> 2, Bradford White, "RE2H50R10B-1NCWT (50 gal)"
A84: ="2, "&'NEEA HPWH data-SampleExport'!C155&", """&'NEEA HPWH data-SampleExport'!R155&"""" -> 2, Bradford White, "RE2H65T10-1NCWT (65 gal)"
A85: ="2, "&'NEEA HPWH data-SampleExport'!C156&", """&'NEEA HPWH data-SampleExport'!R156&"""" -> 2, Bradford White, "RE2H80R10B-1NCWT (80 gal)"
A86: ="2, "&'NEEA HPWH data-SampleExport'!C157&", """&'NEEA HPWH data-SampleExport'!R157&"""" -> 2, Bradford White, "RE2H50S6-1NCWT (50 gal)"
A87: ="2, "&'NEEA HPWH data-SampleExport'!C158&", """&'NEEA HPWH data-SampleExport'!R158&"""" -> 2, Bradford White, "RE2H65T6-1NCWT (65 gal)"
A88: ="2, "&'NEEA HPWH data-SampleExport'!C159&", """&'NEEA HPWH data-SampleExport'!R159&"""" -> 2, Bradford White, "RE2H80T6-1NCWT (80 gal)"
A89: ="2, "&'NEEA HPWH data-SampleExport'!C160&", """&'NEEA HPWH data-SampleExport'!R160&"""" -> 2, Direct Energy, "ECEPH40 T2 RH375-15 (40 gal)"
A90: ="2, "&'NEEA HPWH data-SampleExport'!C161&", """&'NEEA HPWH data-SampleExport'!R161&"""" -> 2, Direct Energy, "ECEPH50 T2 RH375-15 (50 gal)"
A91: ="2, "&'NEEA HPWH data-SampleExport'!C162&", """&'NEEA HPWH data-SampleExport'!R162&"""" -> 2, Direct Energy, "ECEPH65 T2 RH375-15 (65 gal)"
... A105: ="2, "&'NEEA HPWH data-SampleExport'!C176&", """&'NEEA HPWH data-SampleExport'!R176&"""" -> 2, EcoSense, "HB50ES (50 gal)"
A106: ="2, "&'NEEA HPWH data-SampleExport'!C193&", """&'NEEA HPWH data-SampleExport'!R193&"""" -> 2, GE, "BEH50DCEJSB (50 gal)"
A107: ="2, "&'NEEA HPWH data-SampleExport'!C194&", """&'NEEA HPWH data-SampleExport'!R194&"""" -> 2, GE, "BEH80DCEJSB (80 gal)"
A108: ="2, "&'NEEA HPWH data-SampleExport'!C195&", """&'NEEA HPWH data-SampleExport'!R195&"""" -> 2, GE, "GEH50DEEJSC (50 gal)"
A109: ="2, "&'NEEA HPWH data-SampleExport'!C196&", """&'NEEA HPWH data-SampleExport'!R196&"""" -> 2, GE, "GEH50DEEJXXX (50 gal)"
A110: ="2, "&'NEEA HPWH data-SampleExport'!C197&", """&'NEEA HPWH data-SampleExport'!R197&"""" -> 2, GE, "GEH50DFEJSR (50 gal)"
A111: ="2, "&'NEEA HPWH data-SampleExport'!C198&", """&'NEEA HPWH data-SampleExport'!R198&"""" -> 2, GE, "GEH50DHEKSC (50 gal)"
A112: ="2, "&'NEEA HPWH data-SampleExport'!C199&", """&'NEEA HPWH data-SampleExport'!R199&"""" -> 2, GE, "GEH80DEEJSC (80 gal)"
A113: ="2, "&'NEEA HPWH data-SampleExport'!C200&", """&'NEEA HPWH data-SampleExport'!R200&"""" -> 2, GE, "GEH80DFEJSR (80 gal)"
A114: ="2, "&'NEEA HPWH data-SampleExport'!C201&", """&'NEEA HPWH data-SampleExport'!R201&"""" -> 2, GE, "GEH80DHEKSC (80 gal)"
A115: ="2, "&'NEEA HPWH data-SampleExport'!C202&", """&'NEEA HPWH data-SampleExport'!R202&"""" -> 2, Kenmore, "153.32116 (60 gal)"
A116: ="2, "&'NEEA HPWH data-SampleExport'!C203&", """&'NEEA HPWH data-SampleExport'!R203&"""" -> 2, Kenmore, "153.32118 (80 gal)"
A117: ="2, "&'NEEA HPWH data-SampleExport'!C204&", """&'NEEA HPWH data-SampleExport'!R204&"""" -> 2, Kenmore, "153.5925 (50 gal)"
... A119: ="2, "&'NEEA HPWH data-SampleExport'!C206&", """&'NEEA HPWH data-SampleExport'!R206&"""" -> 2, Kenmore, "153.5928 (80 gal)"
A120: ="2, "&'NEEA HPWH data-SampleExport'!C218&", """&'NEEA HPWH data-SampleExport'!R218&"""" -> 2, Lochinvar, "HPSA050KD 2** (50 gal)"
A121: ="2, "&'NEEA HPWH data-SampleExport'!C219&", """&'NEEA HPWH data-SampleExport'!R219&"""" -> 2, Lochinvar, "HPSA065KD 2** (66 gal)"
A122: ="2, "&'NEEA HPWH data-SampleExport'!C220&", """&'NEEA HPWH data-SampleExport'!R220&"""" -> 2, Lochinvar, "HPSA080KD 2** (80 gal)"
A123: ="2, "&'NEEA HPWH data-SampleExport'!C221&", """&'NEEA HPWH data-SampleExport'!R221&"""" -> 2, Lochinvar, "HPA051KD 120 (50 gal)"
A124: ="2, "&'NEEA HPWH data-SampleExport'!C222&", """&'NEEA HPWH data-SampleExport'!R222&"""" -> 2, Lochinvar, "HPA052KD 120 (50 gal)"
A125: ="2, "&'NEEA HPWH data-SampleExport'!C223&", """&'NEEA HPWH data-SampleExport'!R223&"""" -> 2, Lochinvar, "HPA067KD 120 (66 gal)"
A126: ="2, "&'NEEA HPWH data-SampleExport'!C224&", """&'NEEA HPWH data-SampleExport'!R224&"""" -> 2, Lochinvar, "HPA068KD 120 (66 gal)"
A127: ="2, "&'NEEA HPWH data-SampleExport'!C225&", """&'NEEA HPWH data-SampleExport'!R225&"""" -> 2, Lochinvar, "HPA081KD 120 (80 gal)"
A128: ="2, "&'NEEA HPWH data-SampleExport'!C226&", """&'NEEA HPWH data-SampleExport'!R226&"""" -> 2, Lochinvar, "HPA082KD 120 (80 gal)"
A129: ="2, "&'NEEA HPWH data-SampleExport'!C235&", """&'NEEA HPWH data-SampleExport'!R235&"""" -> 2, Reliance, "10-50-DHPTS 2** (50 gal)"
A130: ="2, "&'NEEA HPWH data-SampleExport'!C236&", """&'NEEA HPWH data-SampleExport'!R236&"""" -> 2, Reliance, "10-66-DHPTS 2** (66 gal)"
A131: ="2, "&'NEEA HPWH data-SampleExport'!C237&", """&'NEEA HPWH data-SampleExport'!R237&"""" -> 2, Reliance, "10-80-DHPTS 2** (80 gal)"
A132: ="2, "&'NEEA HPWH data-SampleExport'!C238&", """&'NEEA HPWH data-SampleExport'!R238&"""" -> 2, Reliance, "10 50 DHPHT 120 (50 gal)"
A133: ="2, "&'NEEA HPWH data-SampleExport'!C239&", """&'NEEA HPWH data-SampleExport'!R239&"""" -> 2, Reliance, "10 50 DHPHTNE 120 (50 gal)"
A134: ="2, "&'NEEA HPWH data-SampleExport'!C240&", """&'NEEA HPWH data-SampleExport'!R240&"""" -> 2, Reliance, "10-50-DHPHTDR 130 (50 gal)"
A135: ="2, "&'NEEA HPWH data-SampleExport'!C241&", """&'NEEA HPWH data-SampleExport'!R241&"""" -> 2, Reliance, "10 60 DHPT (60 gal)"
A136: ="2, "&'NEEA HPWH data-SampleExport'!C242&", """&'NEEA HPWH data-SampleExport'!R242&"""" -> 2, Reliance, "10 66 DHPHT 120 (66 gal)"
A137: ="2, "&'NEEA HPWH data-SampleExport'!C243&", """&'NEEA HPWH data-SampleExport'!R243&"""" -> 2, Reliance, "10 66 DHPHTN 120 (66 gal)"
A138: ="2, "&'NEEA HPWH data-SampleExport'!C244&", """&'NEEA HPWH data-SampleExport'!R244&"""" -> 2, Reliance, "10-66-DHPHTDR 130 (66 gal)"
A139: ="2, "&'NEEA HPWH data-SampleExport'!C245&", """&'NEEA HPWH data-SampleExport'!R245&"""" -> 2, Reliance, "10 80 DHPHT 120 (80 gal)"
A140: ="2, "&'NEEA HPWH data-SampleExport'!C246&", """&'NEEA HPWH data-SampleExport'!R246&"""" -> 2, Reliance, "10 80 DHPHTNE 120 (80 gal)"
... A146: ="2, "&'NEEA HPWH data-SampleExport'!C252&", """&'NEEA HPWH data-SampleExport'!R252&"""" -> 2, Reliance, "6 80 DHPT 102 (80 gal)"
A147: ="2, "&'NEEA HPWH data-SampleExport'!C313&", """&'NEEA HPWH data-SampleExport'!R313&"""" -> 2, Rheem, "HPLD40-1RH (40 gal)"
A148: ="2, "&'NEEA HPWH data-SampleExport'!C314&", """&'NEEA HPWH data-SampleExport'!R314&"""" -> 2, Rheem, "HPLD50-1RH (50 gal)"
A149: ="2, "&'NEEA HPWH data-SampleExport'!C315&", """&'NEEA HPWH data-SampleExport'!R315&"""" -> 2, Rheem, "HPLD65-1RH (65 gal)"
A150: ="2, "&'NEEA HPWH data-SampleExport'!C316&", """&'NEEA HPWH data-SampleExport'!R316&"""" -> 2, Rheem, "HPLD80-1RH (80 gal)"
A151: ="2, "&'NEEA HPWH data-SampleExport'!C317&", """&'NEEA HPWH data-SampleExport'!R317&"""" -> 2, Rheem, "PROPH40 T2 RH375-15 (40 gal)"
A152: ="2, "&'NEEA HPWH data-SampleExport'!C318&", """&'NEEA HPWH data-SampleExport'!R318&"""" -> 2, Rheem, "PROPH50 T2 RH375-15 (50 gal)"
A153: ="2, "&'NEEA HPWH data-SampleExport'!C319&", """&'NEEA HPWH data-SampleExport'!R319&"""" -> 2, Rheem, "PROPH65 T2 RH375-15 (65 gal)"
A154: ="2, "&'NEEA HPWH data-SampleExport'!C320&", """&'NEEA HPWH data-SampleExport'!R320&"""" -> 2, Rheem, "PROPH80 T2 RH375-15 (80 gal)"
A155: ="2, "&'NEEA HPWH data-SampleExport'!C321&", """&'NEEA HPWH data-SampleExport'!R321&"""" -> 2, Rheem, "PROPH40 T2 RH375-30 (40 gal)"
A156: ="2, "&'NEEA HPWH data-SampleExport'!C322&", """&'NEEA HPWH data-SampleExport'!R322&"""" -> 2, Rheem, "PROPH50 T2 RH375-30 (50 gal)"
A157: ="2, "&'NEEA HPWH data-SampleExport'!C323&", """&'NEEA HPWH data-SampleExport'!R323&"""" -> 2, Rheem, "PROPH65 T2 RH375-30 (65 gal)"
A158: ="2, "&'NEEA HPWH data-SampleExport'!C324&", """&'NEEA HPWH data-SampleExport'!R324&"""" -> 2, Rheem, "PROPH80 T2 RH375-30 (80 gal)"
... A261: ="2, "&'NEEA HPWH data-SampleExport'!C427&", """&'NEEA HPWH data-SampleExport'!R427&"""" -> 2, Rheem Canada, "CPRO H80 T2 RH310BM (80 gal)"
A262: ="2, "&'NEEA HPWH data-SampleExport'!C440&", """&'NEEA HPWH data-SampleExport'!R440&"""" -> 2, Richmond, "10E40-HP120 (40 gal)"
A263: ="2, "&'NEEA HPWH data-SampleExport'!C441&", """&'NEEA HPWH data-SampleExport'!R441&"""" -> 2, Richmond, "10E50-HP120 (50 gal)"
A264: ="2, "&'NEEA HPWH data-SampleExport'!C442&", """&'NEEA HPWH data-SampleExport'!R442&"""" -> 2, Richmond, "10E40-HP120M (40 gal)"
A265: ="2, "&'NEEA HPWH data-SampleExport'!C443&", """&'NEEA HPWH data-SampleExport'!R443&"""" -> 2, Richmond, "10E40-HP120MS (40 gal)"
A266: ="2, "&'NEEA HPWH data-SampleExport'!C444&", """&'NEEA HPWH data-SampleExport'!R444&"""" -> 2, Richmond, "10E50-HP120M (50 gal)"
A267: ="2, "&'NEEA HPWH data-SampleExport'!C445&", """&'NEEA HPWH data-SampleExport'!R445&"""" -> 2, Richmond, "10E50-HP120MS (50 gal)"
A268: ="2, "&'NEEA HPWH data-SampleExport'!C446&", """&'NEEA HPWH data-SampleExport'!R446&"""" -> 2, Richmond, "10E65-HP120M (65 gal)"
A269: ="2, "&'NEEA HPWH data-SampleExport'!C447&", """&'NEEA HPWH data-SampleExport'!R447&"""" -> 2, Richmond, "10E65-HP120MS (65 gal)"
A270: ="2, "&'NEEA HPWH data-SampleExport'!C448&", """&'NEEA HPWH data-SampleExport'!R448&"""" -> 2, Richmond, "10E80-HP120M (80 gal)"
A271: ="2, "&'NEEA HPWH data-SampleExport'!C449&", """&'NEEA HPWH data-SampleExport'!R449&"""" -> 2, Richmond, "10E80-HP120MS (80 gal)"
A272: ="2, "&'NEEA HPWH data-SampleExport'!C450&", """&'NEEA HPWH data-SampleExport'!R450&"""" -> 2, Richmond, "10E40-HP515 (40 gal)"
A273: ="2, "&'NEEA HPWH data-SampleExport'!C451&", """&'NEEA HPWH data-SampleExport'!R451&"""" -> 2, Richmond, "10E50-HP515 (50 gal)"
... A292: ="2, "&'NEEA HPWH data-SampleExport'!C470&", """&'NEEA HPWH data-SampleExport'!R470&"""" -> 2, Richmond, "10E80-HP4D15 (80 gal)"
...

Sheet Sheet1
A1: Brand | B1: Gallons | C1: Type
A2: A. O. Smith | B2: 43 | C2: AO Smith HPTU 50
A3: American | B3: 50 | C3: AO Smith HPTU 66
A4: Bradford White | B4: 60 | C4: AO Smith HPTU 80
A5: EcoSense | B5: 66 | C5: AO Smith PHPT 60
A6: GE | B6: 80 | C6: AO Smith PHPT 80
A7: Kenmore | C7: GE 2014 50
A8: Lochinvar | C8: GE 2014 80
A9: Reliance | C9: Rheem HB 50
A10: Rheem | C10: Stiebel 220E
A11: Richmond | C11: GE 2012 50
A12: Ruud
A13: Sanden
A14: State
A15: Stiebel Eltron
A16: US Craftmaster
A17: Whirlpool
A18: (generic)
